CREATE DATABASE DB_TSHOES
GO
USE DB_TSHOES
GO



--- SAN PHAM
IF OBJECT_ID('SANPHAM') IS NOT NULL
	DROP TABLE SANPHAM
CREATE TABLE SANPHAM 
(
	ID BIGINT IDENTITY (1,1) NOT NULL,
	MaSP VARCHAR(15)  NOT NULL ,
	TenSP NVARCHAR(50) NOT NULL,
	SoLuong INT NOT NULL,
	NgayTao DATE DEFAULT GETDATE(),
	NguoiTao NVARCHAR(50) NOT NULL,
	TrangThai INT DEFAULT 0 NOT NULL --- 0 - Đang Kinh Kinh Doanh 1 - Ngừng Kinh Doanh 2 - Tạm Hết Hàng
	CONSTRAINT PK_SANPHAM PRIMARY KEY (ID)
)
GO

--- THUONG HIEU
IF OBJECT_ID('THUONGHIEU') IS NOT NULL
	DROP TABLE THUONGHIEU
CREATE TABLE THUONGHIEU 
(
	 ID BIGINT IDENTITY (1,1) NOT NULL,
	 MaThuongHieu VARCHAR(15)  NOT NULL ,
	 TenThuongHieu NVARCHAR(50) NOT NULL,
	 NguoiTao NVARCHAR(50) NOT NULL,
     TrangThai INT DEFAULT 0 NOT NULL , -- 0 ĐANG HỢP TÁC , 1 NGỪNG HỢP TÁC
	 CONSTRAINT PK_THUONGHIEU PRIMARY KEY (ID)
)
GO

--- MAU
IF OBJECT_ID('MAU') IS NOT NULL
	DROP TABLE MAU
CREATE TABLE MAU 
(
	 ID BIGINT IDENTITY (1,1) NOT NULL,
	 MaMau VARCHAR(15)  NOT NULL ,
	 TenMau NVARCHAR(50) NOT NULL,
	 NguoiTao NVARCHAR(50) NOT NULL,
     TrangThai INT DEFAULT 0 NOT NULL , -- 0 CÒN DÙNG , 1 KHÔNG DÙNG
	 CONSTRAINT PK_MAU PRIMARY KEY (ID)
)
GO

--- SIZE 
IF OBJECT_ID('SIZE') IS NOT NULL
	DROP TABLE SIZE
CREATE TABLE SIZE 
(
	ID BIGINT IDENTITY (1,1) NOT NULL,
	MaSize VARCHAR(15)  NOT NULL ,
	TenSize DECIMAL(3, 1) NOT NULL,
	NguoiTao NVARCHAR(50) NOT NULL,
    TrangThai INT DEFAULT 0 NOT NULL -- 0 CÒN DÙNG , 1 KHÔNG DÙNG
	CONSTRAINT PK_SIZE PRIMARY KEY (ID)
)
GO

--- CHAT LIEU 
IF OBJECT_ID('CHATLIEU') IS NOT NULL
	DROP TABLE CHATLIEU
CREATE TABLE CHATLIEU 
(
	ID BIGINT IDENTITY (1,1) NOT NULL,
	MaChatLieu VARCHAR(15)  NOT NULL ,
	TenChatLieu NVARCHAR(50) NOT NULL,
	NguoiTao NVARCHAR(50) NOT NULL,
    TrangThai INT DEFAULT 0 NOT NULL -- 0 CÒN DÙNG , 1 KHÔNG DÙNG
	CONSTRAINT PK_CHATLIEU PRIMARY KEY (ID)
)
GO


--- NHAN VIEN
IF OBJECT_ID('NHANVIEN') IS NOT NULL
	DROP TABLE NHANVIEN
CREATE TABLE NHANVIEN 
(
	ID BIGINT IDENTITY (1,1) NOT NULL,
	MaNV VARCHAR(10)  NULL,
	HoTenNV NVARCHAR(50) NULL,
	MatKhau VARCHAR(10) NULL,
	NgaySinh DATE NULL,
	CCCD VARCHAR(12) NULL ,
	Email VARCHAR(50) NULL,
	DiaChi NVARCHAR(100) NULL,
	SDT VARCHAR(15) NULL,
	VaiTro BIT  DEFAULT 0 ,--- 0 NHÂN VIÊN , 1 LÀ QUẢN LÍ
	NgayTao DATE DEFAULT GETDATE(),
	TrangThai BIT DEFAULT 1 , -- 0 ĐÃ NGHỈ 1 ĐANG LÀM
	CONSTRAINT PK_NHANVIEN PRIMARY KEY (ID),
)
GO


--- KHACH HANG
IF OBJECT_ID('KHACHHANG') IS NOT NULL
	DROP TABLE KHACHHANG
CREATE TABLE KHACHHANG
(
	ID BIGINT IDENTITY (1,1) NOT NULL,
	IdNV BIGINT NOT NULL,
	MaKH VARCHAR(20) NULL,
	TenKH NVARCHAR(50) NULL,
	SDT VARCHAR(15) NOT NULL,
	NgaySinh DATE NULL,
	GioiTinh BIT NULL , --- 0  NU , 1 NAM
	Email VARCHAR(50) NULL,
	DiaChi NVARCHAR(100) NULL,
	NgayTao DATE DEFAULT GETDATE(),
	TrangThai BIT DEFAULT 1 , --- 1 CÒN HOẠT ĐỘNG 0 DÙNG HOẶT ĐỌNG
	CONSTRAINT PK_KHACHHANG PRIMARY KEY (ID),
	CONSTRAINT FK_KHACHHANG_NHANVIEN FOREIGN KEY (IdNV) REFERENCES NHANVIEN (ID),
)
GO


--- PHIEU GIAM GIA
IF OBJECT_ID('PHIEUGIAMGIA') IS NOT NULL
	DROP TABLE PHIEUGIAMGIA
CREATE TABLE PHIEUGIAMGIA 
(
	ID BIGINT IDENTITY (1,1) NOT NULL,
	IdNV BIGINT NOT NULL,
	MaPGG VARCHAR(20) NULL ,
	TenPGG NVARCHAR(100) NULL,
	LoaiPGG BIT NULL , -- 0 LÀ % , 1 VND
	GiaTri FLOAT NULL ,
	SoLuongPhieu INT NULL,
	DonToiThieu FLOAT NULL ,
	NgayBatDau DATETIME NULL,
	NgayKetThuc DATETIME NULL,
	NgayTao DATE DEFAULT GETDATE(),
	MoTa NVARCHAR(250) NULL,
	TrangThai INT DEFAULT 0 NULL , -- 0 SẮP ĐẾN , 1 ĐANG DIỄN RA , 2 ĐÃ KẾT THÚC 
	CONSTRAINT PK_PHIEUGIAMGIA PRIMARY KEY (ID),
	CONSTRAINT FK_PHIEUGIAMGIA_NHANVIEN FOREIGN KEY (IdNV) REFERENCES NHANVIEN (ID)
)
GO


--- CHI TIẾT SẢN PHẨM
IF OBJECT_ID('SANPHAMCHITIET') IS NOT NULL
	DROP TABLE SANPHAMCHITIET
CREATE TABLE SANPHAMCHITIET
(
	ID BIGINT IDENTITY (1,1) NOT NULL,
	IdSP BIGINT NOT NULL ,
	IdThuongHieu BIGINT NOT NULL,
	IdMau BIGINT NOT NULL,
	IdSize BIGINT NOT NULL,
	IdChatLieu BIGINT NOT NULL,
	IdPGG BIGINT NULL,
	MaSPCT VARCHAR(15) NOT NULL,
	SoLuongTon INT NOT NULL ,
	GiaNiemYet MONEY NULL , 
	GiaBan MONEY NULL,
	MoTa NVARCHAR (250) NOT NULL ,
	NgayTao DATE DEFAULT GETDATE(),
	NguoiTao NVARCHAR (50) NOT NULL ,
	TrangThai INT NOT NULL DEFAULT 0 , -- 0 CÒN HÀNG , 1 TẠM HẾT , 2 DỪNG BÁN
	CONSTRAINT PK_SANPHAMCHITIET PRIMARY KEY (ID),
	CONSTRAINT FK_SANPHAMCHITIET_SANPHAM FOREIGN KEY (IdSP) REFERENCES SANPHAM (ID),
	CONSTRAINT FK_SANPHAMCHITIET_THUONGHIEU FOREIGN KEY (IdThuongHieu) REFERENCES THUONGHIEU (ID),
	CONSTRAINT FK_SANPHAMCHITIET_MAU FOREIGN KEY (IdMau) REFERENCES MAU (ID),
	CONSTRAINT FK_SANPHAMCHITIET_SIZE FOREIGN KEY (IdSize) REFERENCES SIZE (ID),
	CONSTRAINT FK_SANPHAMCHITIET_CHATLIEU FOREIGN KEY (IdChatLieu) REFERENCES CHATLIEU (ID),
	CONSTRAINT FK_SANPHAMCHITIET_PHIEUGIAMGIA FOREIGN KEY (IdPGG) REFERENCES PHIEUGIAMGIA (ID),
)
GO 

-- HOA DON

IF OBJECT_ID('HOADON') IS NOT NULL
	DROP TABLE HOADON
CREATE TABLE HOADON
(
	ID BIGINT IDENTITY (1,1) NOT NULL,
	IdPGG BIGINT  NULL,
	IdNV BIGINT NOT NULL,
	IdKH BIGINT NOT NULL,
	MaHoaDon VARCHAR(20) NOT NULL,
	TienPhieuGiam MONEY NULL ,-- TIỀN GIẢM THEO PHIẾU VND
	PhuongThucTT int , -- 0 là tại quầy , 1 chuyển khoản , 2 có thể làm kết hợp 2 loại
	TienKhDua MONEY NULL,
	TienKhChuyenKhoan MONEY NULL,
	TienThua MONEY NULL,
	ThanhTien MONEY NULL,
	NgayTao DATETIME DEFAULT GETDATE(),
	NgayThanhToan DATETIME NULL,
	TrangThai INT  DEFAULT 0, -- 0 CHƯA THANH TOÁN , 1 ĐÃ THANH TOÁN 
	CONSTRAINT PK_HOADON PRIMARY KEY (ID),
	CONSTRAINT FK_HOADON_PHIEUGIAMGIA FOREIGN KEY (IdPGG) REFERENCES PHIEUGIAMGIA(ID) ,
	CONSTRAINT FK_HOADON_NHANVIEN FOREIGN KEY (IdNV) REFERENCES NHANVIEN (ID),
	CONSTRAINT FK_HOADON_KHACHHANG FOREIGN KEY (IdKH) REFERENCES KHACHHANG (ID),
)
GO


--- HOA DON CHI TIET
IF OBJECT_ID('HOADONCHITIET') IS NOT NULL
	DROP TABLE HOADONCHITIET
CREATE TABLE HOADONCHITIET
(
	ID BIGINT IDENTITY (1,1) NOT NULL,
	IdHD BIGINT NOT NULL ,
	IdSPCT BIGINT NOT NULL,
	SoLuong INT NULL,
	MaPGG VARCHAR(20)  NULL ,
	LoaiPGG BIT NULL,
	GiaTriPGG INT  NULL,
	QuyDoiPGGTT MONEY NULL , -- => ĐỀU QUY RA THÀNH vnd THEO SẢN PHẨM
	GiaBan MONEY NULL,
	DonGia MONEY NULL,
	ThanhTien MONEY NULL,
	NgayTao DATETIME DEFAULT GETDATE(),
	TrangThai INT NULL ,
	CONSTRAINT PK_HOADONCHITIET PRIMARY KEY (ID),
	CONSTRAINT FK_HOADONCHITIET_HOADON FOREIGN KEY (IdHD) REFERENCES HOADON  (ID),
	CONSTRAINT FK_HOADONCHITIET_SANPHAMCHITIET FOREIGN KEY (IdSPCT) REFERENCES SANPHAMCHITIET (ID),
)
GO



SELECT * FROM SANPHAM
SELECT * FROM MAU
SELECT * FROM THUONGHIEU
SELECT * FROM SIZE
SELECT * FROM CHATLIEU
SELECT * FROM NHANVIEN
SELECT * FROM KHACHHANG
SELECT * FROM PHIEUGIAMGIA
SELECT * FROM SANPHAMCHITIET
SELECT * FROM HOADON
SELECT * FROM HOADONCHITIET

-----------------------------------------------------------------------------------------------------------------
--- THEM SANPHAM
INSERT INTO SANPHAM (MaSP, TenSP, SoLuong, NguoiTao, TrangThai)
VALUES
('SP001', N'Giày Thể Thao 1', 1000, N'Admin', 0),
('SP002', N'Giày Thể Thao 2', 1000, N'Admin', 1),
('SP003', N'Giày Thể Thao 3', 1000, N'Admin', 0),
('SP004', N'Giày Cao Gót 1', 1000, N'Admin', 2),
('SP005', N'Giày Cao Gót 2', 1000, N'Admin', 0),
('SP006', N'Giày Da 1', 1000, N'Admin', 1),
('SP007', N'Giày Da 2', 1000, N'Admin', 0),
('SP008', N'Giày Sneaker 1', 1000, N'Admin', 0),
('SP009', N'Giày Sneaker 2', 1000, N'Admin', 2),
('SP010', N'Giày Lười 1', 1000, N'Admin', 0);


--- THEM THUONGHIEU
INSERT INTO THUONGHIEU (MaThuongHieu, TenThuongHieu, NguoiTao, TrangThai)
VALUES
('TH001', N'Nike', N'Admin', 0),
('TH002', N'Adidas', N'Admin', 0),
('TH003', N'Puma', N'Admin', 0),
('TH004', N'Reebok', N'Admin', 1),
('TH005', N'Converse', N'Admin', 0),
('TH006', N'Vans', N'Admin', 0),
('TH007', N'New Balance', N'Admin', 0),
('TH008', N'Skechers', N'Admin', 1),
('TH009', N'Under Armour', N'Admin', 0),
('TH010', N'Asics', N'Admin', 0);

--- THEM MAU
INSERT INTO MAU (MaMau, TenMau, NguoiTao, TrangThai)
VALUES
('M001', N'Đỏ', N'Admin', 0),
('M002', N'Xanh', N'Admin', 0),
('M003', N'Vàng', N'Admin', 0),
('M004', N'Đen', N'Admin', 1),
('M005', N'Tráng', N'Admin', 0),
('M006', N'Hồng', N'Admin', 0),
('M007', N'Nâu', N'Admin', 0),
('M008', N'Tím', N'Admin', 1),
('M009', N'Cam', N'Admin', 0),
('M010', N'Xám', N'Admin', 0);

--- THEM SIZE
INSERT INTO SIZE (MaSize, TenSize, NguoiTao, TrangThai)
VALUES
('S001', 38.0, N'Admin', 0),
('S002', 39.0, N'Admin', 0),
('S003', 40.0, N'Admin', 0),
('S004', 41.0, N'Admin', 1),
('S005', 42.0, N'Admin', 0),
('S006', 43.0, N'Admin', 0),
('S007', 44.0, N'Admin', 0),
('S008', 45.0, N'Admin', 1),
('S009', 46.0, N'Admin', 0),
('S010', 47.0, N'Admin', 0);


--- THEM CHATLIEU
INSERT INTO CHATLIEU (MaChatLieu, TenChatLieu, NguoiTao, TrangThai)
VALUES
('CL001', N'Da', N'Admin', 0),
('CL002', N'Vải', N'Admin', 0),
('CL003', N'Cao Su', N'Admin', 0),
('CL004', N'Lưới', N'Admin', 1),
('CL005', N'Nhựa', N'Admin', 0),
('CL006', N'Len', N'Admin', 0),
('CL007', N'Jeans', N'Admin', 0),
('CL008', N'Da Lộn', N'Admin', 1),
('CL009', N'Canvas', N'Admin', 0),
('CL010', N'Sợi Tổng Hợp', N'Admin', 0);

--- THEM NHANVIEN
INSERT INTO NHANVIEN (MaNV, HoTenNV, MatKhau, NgaySinh, CCCD, Email, DiaChi, SDT, VaiTro, NgayTao, TrangThai)
VALUES 
    ('NV001', N'Nguyễn Văn A', '1', '1990-05-15', '123456789012', '1', N'123 Đường ABC, Quận 1, TP.HCM', '0123456789', 1, '2024-05-20', 1),
    ('NV002', N'Trần Thị B', 'pass123', '1992-08-20', '987654321098', 'ttb@example.com', N'456 Đường XYZ, Quận 2, TP.HCM', '0987654321', 0, '2024-05-21', 1),
    ('NV003', N'Lê Văn C', 'pass123', '1988-12-10', '456789012345', 'lvc@example.com', N'789 Đường DEF, Quận 3, TP.HCM', '0123456789', 0, '2024-05-22', 1),
    ('NV004', N'Phạm Thị D', 'pass123', '1995-04-25', '987654321012', 'ptd@example.com', N'0123 Đường UVW, Quận 4, TP.HCM', '0987654321', 1, '2024-05-23', 1),
    ('NV005', N'Hoàng Văn E', 'pass123', '1993-06-30', '654321098765', 'hve@example.com', N'4567 Đường GHI, Quận 5, TP.HCM', '0123456789', 0, '2024-05-24', 1),
    ('NV006', N'Nguyễn Thị F', 'pass123', '1991-09-05', '012345678901', 'ntf@example.com', N'890 Đường KLM, Quận 6, TP.HCM', '0987654321', 0, '2024-05-25', 1),
    ('NV007', N'Trần Văn G', 'pass123', '1994-02-14', '210987654321', 'tvg@example.com', N'234 Đường RST, Quận 7, TP.HCM', '0123456789', 1, '2024-05-26', 1),
    ('NV008', N'Lê Thị H', 'pass123', '1989-07-20', '543210987654', 'lth@example.com', N'567 Đường MNO, Quận 8, TP.HCM', '0987654321', 0, '2024-05-27', 1),
    ('NV009', N'Phan Văn I', 'pass123', '1997-11-18', '987012345678', 'pvi@example.com', N'890 Đường XYZ, Quận 9, TP.HCM', '0123456789', 0, '2024-05-28', 1),
    ('NV010', N'Nguyễn Thị K', 'pass123', '1996-03-22', '456789012345', 'ntk@example.com', N'123 Đường ABC, Quận 10, TP.HCM', '0987654321', 1, '2024-05-29', 1);

	selecT * FROM KHACHHANG

--- THEM KHACHHANGde


INSERT INTO KHACHHANG (IdNV, MaKH, TenKH, SDT, NgaySinh, GioiTinh, Email, DiaChi, NgayTao, TrangThai)
VALUES 
	(1, 'KH000', N'Khách vãng lai', '...', NULL, NULL, NULL, NULL, GETDATE(), 1),
    (1, 'KH001', N'Nguyễn Thị L', '0123456789', '1992-07-10', 0, 'ntl@example.com', N'123 Đường ABC, Quận 1, TP.HCM', GETDATE(), 1),
    (2, 'KH002', N'Trần Văn M', '0987654321', '1995-09-15', 1, 'tvm@example.com', N'456 Đường XYZ, Quận 2, TP.HCM', GETDATE(), 1),
    (3, 'KH003', N'Lê Thị N', '0123456789', '1990-11-20', 0, 'ltn@example.com', N'789 Đường DEF, Quận 3, TP.HCM', GETDATE(), 1),
    (4, 'KH004', N'Phạm Văn P', '0987654321', '1988-04-25', 1, 'pvp@example.com', N'0123 Đường UVW, Quận 4, TP.HCM', GETDATE(), 1),
    (5, 'KH005', N'Hoàng Thị Q', '0123456789', '1993-06-30', 0, 'htq@example.com', N'4567 Đường GHI, Quận 5, TP.HCM', GETDATE(), 1),
    (6, 'KH006', N'Nguyễn Văn R', '0987654321', '1991-09-05', 1, 'nvr@example.com', N'890 Đường KLM, Quận 6, TP.HCM', GETDATE(), 1),
    (7, 'KH007', N'Trần Thị S', '0123456789', '1994-02-14', 0, 'tts@example.com', N'234 Đường RST, Quận 7, TP.HCM', GETDATE(), 1),
    (8, 'KH008', N'Lê Văn T', '0987654321', '1989-07-20', 1, 'lvt@example.com', N'567 Đường MNO, Quận 8, TP.HCM', GETDATE(), 1),
    (9, 'KH009', N'Phan Thị U', '0123456789', '1997-11-18', 0, 'ptu@example.com', N'890 Đường XYZ, Quận 9, TP.HCM', GETDATE(), 1),
    (10, 'KH010', N'Nguyễn Văn X', '0987654321', '1996-03-22', 1, 'nvx@example.com', N'890 Đường XYZ, Quận 9, TP.HCM', GETDATE(), 1);


--- THEM PHIEUGIAMGIA
-- 0 LÀ % , 1 VND
INSERT INTO PHIEUGIAMGIA (IdNV, MaPGG, TenPGG, LoaiPGG, GiaTri, SoLuongPhieu, DonToiThieu, NgayBatDau, NgayKetThuc, NgayTao, MoTa, TrangThai)
VALUES 
(1, 'PGG001', N'Giảm 5%', 0, 5, 100, 200000, '01-01-2024 00:00:00', '12-12-2024 23:59:59',  GETDATE(), N'Giảm giá 5%', 0),
(2, 'PGG002', N'Giảm 10%', 0, 10, 50, 1500000, '01-01-2024 00:00:00', '12-12-2024 23:59:59',  GETDATE(), N'Giảm giá 10%', 1),
(3, 'PGG003', N'Giảm 50k', 1, 50000, 200, 1000000, '01-01-2024 00:00:00', '12-12-2024 23:59:59',  GETDATE(), N'Giảm giá 50k', 2),
(4, 'PGG004', N'Giảm 10%', 0, 10, 150, 500000, '01-01-2024 00:00:00', '12-12-2024 23:59:59',  GETDATE(), N'Giảm giá 10%', 0),
(5, 'PGG005', N'Giảm 100k', 1, 100000, 80, 800000, '01-01-2024 00:00:00', '12-12-2024 23:59:59',  GETDATE(), N'Giảm giá 100k', 1),
(6, 'PGG006', N'Giảm 15%', 0, 15, 120, 300000, '01-01-2024 00:00:00', '12-12-2024 23:59:59',  GETDATE(), N'Giảm giá 15%', 0),
(7, 'PGG007', N'Giảm 200k', 1, 200000, 40, 1200000, '01-01-2024 00:00:00', '12-12-2024 23:59:59',  GETDATE(), N'Giảm giá 200k', 2),
(8, 'PGG008', N'Giảm 25%', 0, 25, 90, 600000, '01-01-2025 00:00:00', '12-12-2025 23:59:59',  GETDATE(), N'Giảm giá 25%', 1),
(9, 'PGG009', N'Giảm 150k', 1, 150000, 60, 9000000, '01-01-2025 00:00:00', '12-12-2025 23:59:59',  GETDATE(), N'Giảm giá 150k', 0),
(10, 'PGG010', N'Giảm 40%', 0, 40, 30, 1200000, '01-01-2025 00:00:00', '12-12-2025 23:59:59',  GETDATE(), N'Giảm giá 40%', 2);


--- THEM SANPHAMCHITIET
INSERT INTO SANPHAMCHITIET (IdSP, IdThuongHieu, IdMau, IdSize, IdChatLieu, IdPGG, MaSPCT, SoLuongTon, GiaNiemYet, GiaBan, MoTa, NgayTao, NguoiTao, TrangThai)
VALUES 
(1, 1, 1, 1, 1, 3, 'CTSP001', 1000, 500000, 500000, N'Mô tả sản phẩm 1', '2024-05-23', 'Admin', 0),
(2, 2, 2, 2, 2, 3, 'CTSP002', 1000, 500000, 500000, N'Mô tả sản phẩm 2', '2024-05-23', 'Admin', 1),
(3, 3, 3, 3, 3, 3, 'CTSP003', 1000, 500000, 500000, N'Mô tả sản phẩm 3', '2024-05-23', 'Admin', 0),
(4, 4, 4, 4, 4, 3, 'CTSP004', 1000, 500000, 500000, N'Mô tả sản phẩm 4', '2024-05-23', 'Admin', 0),
(5, 5, 5, 5, 5, 3, 'CTSP005', 1000, 500000, 500000, N'Mô tả sản phẩm 5', '2024-05-23', 'Admin', 2),
(6, 6, 6, 6, 6, 3, 'CTSP006', 1000, 500000, 500000, N'Mô tả sản phẩm 6', '2024-05-23', 'Admin', 0),
(7, 7, 7, 7, 7, 3, 'CTSP007', 1000, 500000, 500000, N'Mô tả sản phẩm 7', '2024-05-23', 'Admin', 1),
(8, 8, 8, 8, 8, 3, 'CTSP008', 1000, 500000, 500000, N'Mô tả sản phẩm 8', '2024-05-23', 'Admin', 0),
(9, 9, 9, 9, 9, 3, 'CTSP009', 1000, 500000, 500000, N'Mô tả sản phẩm 9', '2024-05-23', 'Admin', 0),
(10, 10, 10, 10, 10, 3, 'CTSP010', 1000, 500000, 500000, N'Mô tả sản phẩm 10', '2024-05-23', 'Admin', 1);




--- THEM HOADON
INSERT INTO HOADON (IdPGG, IdNV, IdKH, MaHoaDon, TienPhieuGiam, PhuongThucTT, TienKhDua, TienKhChuyenKhoan, TienThua, ThanhTien, NgayTao, NgayThanhToan, TrangThai)
VALUES
(1, 1, 1, 'HD001', 50000, 0, 500000, NULL, 0, 450000, '2024-05-25', '2024-05-25', 1),
(2, 2, 2, 'HD002', 0, 1, NULL, 500000, 0, 500000, '2024-05-24', '2024-05-25', 1),
(3, 1, 4, 'HD004', 20000, 0, 500000, NULL, 0, 480000, '2024-05-22', '2024-05-25', 1),
(4, 2, 5, 'HD005', 0, 1, NULL, 500000, 0, 500000, '2024-05-21', '2024-05-25', 1),
(5, 1, 2, 'HD007', 30000, 0, 500000, NULL, 0, 500000, '2024-05-19', '2024-05-25', 1),
(6, 2, 3, 'HD008', 0, 1, NULL, 500000, 500000, 500000, '2024-05-18', '2024-05-25', 1),
(7, 1, 5, 'HD010', 40000, 0, 500000, NULL, 0, 460000, '2024-05-16', '2024-05-25', 1);


--- THEM HOADONCHITIET



INSERT INTO HOADONCHITIET (IdHD, IdSPCT, SoLuong, MaPGG, LoaiPGG, GiaTriPGG, QuyDoiPGGTT, GiaBan, DonGia, ThanhTien, NgayTao, TrangThai)
VALUES
(1, 1, 2, 'PGG003', 1, 50000, 0, 500000, 1000000, 950000, GETDATE(), 1),
(1, 2, 1, 'PGG003', 1, 50000, 0, 500000, 500000, 450000, GETDATE(), 1),
(2, 3, 3, 'PGG003', 1, 50000, 0, 500000, 1500000, 1450000, GETDATE(), 1),
(2, 4, 2, 'PGG003', 1, 50000, 0, 500000, 1000000, 950000, GETDATE(), 1),
(2, 5, 1, 'PGG003', 1, 50000, 0, 500000, 500000, 450000, GETDATE(), 1),
(5, 3, 2, 'PGG003', 1, 50000, 0, 500000, 1000000, 950000, GETDATE(), 1),
(4, 2, 2, 'PGG003', 1, 50000, 0, 500000, 1000000, 950000, GETDATE(), 1),
(4, 1, 1, 'PGG003', 1, 50000, 0, 500000, 500000, 450000, GETDATE(), 1),
(5, 1, 3, 'PGG003', 1, 50000, 0, 500000, 1500000, 1450000, GETDATE(), 1),
(5, 5, 1, 'PGG003', 1, 50000, 0, 500000, 500000, 450000, GETDATE(), 1),
(6, 1, 1, 'PGG003', 1, 50000, 0, 500000, 500000, 450000, GETDATE(), 1),
(6, 2, 2, 'PGG003', 1, 50000, 0, 500000, 1000000, 950000, GETDATE(), 1),
(7, 3, 1, 'PGG003', 1, 50000, 0, 500000, 500000, 450000, GETDATE(), 1),
(7, 4, 2, 'PGG003', 1, 50000, 0, 500000, 1000000, 950000, GETDATE(), 1),
(7, 5, 1, 'PGG003', 1, 50000, 0, 500000, 500000, 450000, GETDATE(), 1),
(3, 3, 3, 'PGG003', 1, 50000, 0, 500000, 1500000, 1450000, GETDATE(), 1),
(5, 4, 2, 'PGG003', 1, 50000, 0, 500000, 1000000, 950000, GETDATE(), 1),
(6, 2, 1, 'PGG003', 1, 50000, 0, 500000, 500000, 450000, GETDATE(), 1);













